Artikelnummer,Magazijn,Product,Omschrijving,Eenheid,Prijs incl. BTW,Data sheet,Foto,Prijs excl BTW,
,,Monteur per uur,,uur,"‚Ç¨ 83,49",,,"‚Ç¨ 69,00",
,,Monteur Gert,,uur,"‚Ç¨ 36,30",,,"‚Ç¨ 30,00",
,,Monteur Jan vLC,,uur,"‚Ç¨ 54,45",,,"‚Ç¨ 45,00",
,,"Monteur per uur, aangenomen werk",,uur,"‚Ç¨ 0,00",,,"‚Ç¨ 0,00",
,,"Monteur per uur, PV monteur",,uur,"‚Ç¨ 0,00",,,"‚Ç¨ 0,00",
,,,,,,,,,
,,Reistijd,,uur,"‚Ç¨ 83,49",,,"‚Ç¨ 69,00",
,,F. Smit Panelen Terugplaatsen,Volgens afspraak,Totaal,"‚Ç¨ 643,00",,,"‚Ç¨ 531,40",
,,Weterings panelen verwijderen,Verwijderen panelen volgens offerte 4 juni,totaal,"‚Ç¨ 693,33",,,"‚Ç¨ 573,00",
,,Weterings panelen terugplaatsen,Terugplaatsen panelen volgens offerte 4 juni,totaal,"‚Ç¨ 736,89",,,"‚Ç¨ 609,00",
,,,,,,,,,
,,,,,,,,,
,,,,,,,,,
,,,,,,,,,
,,,,,,,,,
,,Abonnement Basis,"Onderhoudsabonnement met online monitoring van het rendement en garantieafhandeling (met geldige aankoopbon). Looptijd 2 jaar, facturatie jaarlijks vooraf.",Per jaar,"‚Ç¨ 71,88",,,"‚Ç¨ 59,40",
,,Abonnement Comfort,"Inclusief monitoring, maandelijkse rendementscheck, rapportage en 10% korting op onderhoud/reiniging. Looptijd 2 jaar, facturatie jaarlijks vooraf.",Per jaar,"‚Ç¨ 119,88",,,"‚Ç¨ 99,07",
,,Abonnement All-in,"Alles-in-√©√©n onderhoud: monitoring, rapportage, gratis inspectie bij storingen (incl. 1 uur), geen voorrijkosten, √©√©n reiniging per 3 jaar en 90% rendementsgarantie.",Per jaar,"‚Ç¨ 179,88",,,"‚Ç¨ 148,66",
,,Losse keuring installatie,Visuele controle en technische doormeting van de zonnepaneelinstallatie met rapportage. Uitgevoerd met installatietester en PV-tester.,Per keuring,"‚Ç¨ 299,00",,https://drive.google.com/file/d/1BCsk8be5HjaIALOg1x4fFCgOwqMru3-8/view?usp=drive_link,"‚Ç¨ 247,11",
,,Anti nestborstel,Voorkomt ongewenste bewoners onder de zonnepanelen. Verkleind de kans op storingen en brandgevaar,Per m1,"‚Ç¨ 12,10",,https://drive.google.com/file/d/19w8-7zj2nwnYG5eJApWKvjiDo9IBbzkl/view?usp=drive_link,"‚Ç¨ 10,00",
,,Veilige toegang tot het dak < 6m,"Een dakmonteur gaat op het dak met de zonnepanelen aan de slag. Hiervoor moet er een veilige toegang klaargezet/opgebouwd worden. Ahankelijk van de situatie kunnen de volgende middelen ingezet worden: Ladder, ladderlift, Steiger, leuningen, aanlijn bevestiging.",Totaal,"‚Ç¨ 272,25",,https://drive.google.com/file/d/1lIhBiZ98SxWTUQkSpaYmK6uwsBz10rhT/view?usp=drive_link,"‚Ç¨ 225,00",
,,Veilige toegang tot het dak >6m <9m,"Een dakmonteur gaat op het dak met de zonnepanelen aan de slag. Hiervoor moet er een veilige toegang klaargezet/opgebouwd worden. Ahankelijk van de situatie kunnen de volgende middelen ingezet worden: Ladder, ladderlift, Steiger, leuningen, aanlijn bevestiging.",Totaal,"‚Ç¨ 393,25",,https://drive.google.com/file/d/17O7WSpMRpoSyNn4-spFL-tKWNnmpRbMd/view?usp=drive_link,"‚Ç¨ 325,00",
,,Veilige toegang tot het dak >9m ,"Een dakmonteur gaat op het dak met de zonnepanelen aan de slag. Hiervoor moet er een veilige toegang klaargezet/opgebouwd worden. Ahankelijk van de situatie kunnen de volgende middelen ingezet worden: Hoogwerker, steiger",per dag,"‚Ç¨ 423,50",,https://drive.google.com/file/d/17O7WSpMRpoSyNn4-spFL-tKWNnmpRbMd/view?usp=drive_link,"‚Ç¨ 350,00",
 ,,Leuningen plat/schuin dak >9 meter,"Een dakmonteur gaat op het dak met de zonnepanelen aan de slag. Hiervoor moet er een veilige toegang klaargezet/opgebouwd worden. Is het een groot dak en is er meer dan 12m leuning nodig, dan moet er extra leuning worden gehuurd. prijs is per m1 per dag",per m1/dag,"‚Ç¨ 3,63",,https://drive.google.com/file/d/1GcemzqDviw-3nahoRNs0O4Hsn2tgWwcJ/view?usp=drive_link,"‚Ç¨ 3,00",
,,"Veilige toegang tot het dak < 6m, extra dakvlak",U heeft meerdere dakvlakken waar de monteur op het dak moet werken. De monteur heeft alle spullen bij zich maar moet dit verplaatsen/opnieuw opbouwen. ,Per dakvlak,"‚Ç¨ 108,90",,https://drive.google.com/file/d/1rp2Ae_XOcdwgeRypmiyp6eaeAI3m4RA-/view?usp=drive_link,"‚Ç¨ 90,00",
,,,,,,,,,
,,,,,,,,,
,,,,,,,,,
,,,,,,,,,
,,Lift huur,,dag,"‚Ç¨ 121,00",,,"‚Ç¨ 100,00",
,,Steiger huur,,dag,"‚Ç¨ 121,00",,,"‚Ç¨ 100,00",
,,Klein materiaal String zonnepanelen,,stuk,"‚Ç¨ 18,15",,,"‚Ç¨ 15,00",
,,Materiaal aansluiten 1 fase ALAMAT,,stuk,"‚Ç¨ 90,75",,,"‚Ç¨ 75,00",
,,Materiaal aansluiten 3 fase ALAMAT,,stuk,"‚Ç¨ 193,60",,,"‚Ç¨ 160,00",
,,Materiaal aansluiten 1 fase automaat,,stuk,"‚Ç¨ 39,33",,,"‚Ç¨ 32,50",
,,Materiaal aansluiten 3 fase automaat,,stuk,"‚Ç¨ 70,91",,,"‚Ç¨ 58,60",
,,Materiaal 1 fase kabeltrace tot 10 meter,,stuk,"‚Ç¨ 70,18",,,"‚Ç¨ 58,00",
,,Materiaal 3 fase kabeltrace tot 10 meter,,stuk,"‚Ç¨ 106,48",,,"‚Ç¨ 88,00",
,,Materiaal 1 fase kabeltrace tot 15 meter,,stuk,"‚Ç¨ 87,73",,,"‚Ç¨ 72,50",
,,Materiaal 3 fase kabeltrace tot 15 meter,,stuk,"‚Ç¨ 125,84",,,"‚Ç¨ 104,00",
,,Materiaal 1 fase kabeltrace per meter,,m1,"‚Ç¨ 14,52",,,"‚Ç¨ 12,00",
,,Materiaal 3 fase kabeltrace per meter,,m1,"‚Ç¨ 20,57",,,"‚Ç¨ 17,00",
,,Materiaal DC kabeltrace per meter,,m1,"‚Ç¨ 9,08",,,"‚Ç¨ 7,50",
,,Materiaal Aardedraad kabeltrace,,m1,"‚Ç¨ 7,14",,,"‚Ç¨ 5,90",
,,,,,,,,,
,,,,,,,,,
,,Anti nestborstel,,m1,"‚Ç¨ 12,10",,,"‚Ç¨ 10,00",
,,PVC 16/19mm Grijs,,m1,"‚Ç¨ 1,11",,,"‚Ç¨ 0,92",
,,PVC 16/19mm Grijs,,m2,"‚Ç¨ 1,51",,,"‚Ç¨ 1,25",
,,Euroclips 16/19 mm,,stuk,"‚Ç¨ 0,44",,,"‚Ç¨ 0,36",
,,Aardedraad geel/groen verzinkt,,m1,"‚Ç¨ 2,82",,,"‚Ç¨ 2,33",
,,Kabelschoenen #4/6mm2 M6,,stuk,"‚Ç¨ 0,44",,,"‚Ç¨ 0,36",
,,Schroeven 4x25/40,,doos,"‚Ç¨ 0,05",,,"‚Ç¨ 0,04",
,,Pluggen universeel 6x35,,stuk,"‚Ç¨ 0,15",,,"‚Ç¨ 0,12",
,,"Staalschroef 4,2 x 25",,stuk,"‚Ç¨ 0,27",,,"‚Ç¨ 0,22",
,,Kubie 1/35,"Kubie 1/35 Plus verlaagt de spanning in woning en bedrijf
Geschikt voor aansluitingen
Geschikt voor 1-fase aansluiting tot maximaal 35 Amp√®re per fase
Corrigeert een scheve belasting tot 10% !
Onderdrukt (3e, 9e, 15e,21e enz.) harmonische stromen (vervuiling van je elektriciteitsnet door bijv. LED-verlichting, laders etc.)
Vermindert fase naar aarde spanning, waardoor de schakelpunten IGBT‚Äôs) in de omvormers worden beschermd
Optimale teruglevering van de omvormer
CE-keurmerk Ja
KEMA keur: JA,
DEKRA gecertificeerd: JA
T√úV getest: JA
Verhoogd rendement van 99,10%
Verminderd geluidsniveau (t.o.v. 1e generatie Kubie)
Gemiddelde elektriciteitsbesparing van ca. 12,6% (volgens T√úV test)
Geen verlies in wooncomfort
Werkt volledig op de achtergrond
De verlaagde spanning voorkomt beschadiging aan apparatuur door te hoge spanning.
Werkt optimaal samen met andere energie oplossingen zoals warmtepomp en zonnepanelen.
Beschermt tegen uitval omvormers door te hoge spanning
Eenmalige korte installatie (optioneel )
Hoge kwaliteit kunststof behuizing
Standaard groepenkastbreedte
10 jaar garantie (op basis van carry-in) *
Een compleet in Nederland vervaardigd product
Kan eenvoudig gedemonteerd en verplaatst worden
Afmetingen 22 x 38 x 14 cm",stuk,"‚Ç¨ 789,00",,https://drive.google.com/file/d/1G1fTw6FB8KtqRk6VRzJpo8hKdgZt28O7/view?usp=drive_link,"‚Ç¨ 652,07",
,,Installatie Kubie,Installatie van de kubie inclusief een omschakelaar voor het switchen tussen lager voltage en hoger voltage.,stuk,"‚Ç¨ 399,00",,https://drive.google.com/file/d/1Bk7aJLn1O_Cc7GP6t6kYLgdTIKgbdT2x/view?usp=sharing,"‚Ç¨ 329,75",
,,,,,,,,"‚Ç¨ 0,00",
,,Kubie 3/25,"Kubie 3/25 Plus verlaagt de spanning in woning en bedrijf
Geschikt voor aansluitingen
Geschikt voor 3-fase aansluiting tot maximaal 25 Amp√®re per fase
Corrigeert een scheve belasting tot 10% !
Onderdrukt (3e, 9e, 15e,21e enz.) harmonische stromen (vervuiling van je elektriciteitsnet door bijv. LED-verlichting, laders etc.)
Vermindert fase naar aarde spanning, waardoor de schakelpunten IGBT‚Äôs) in de omvormers worden beschermd
Optimale teruglevering van de omvormer
CE-keurmerk Ja
KEMA keur: JA,
DEKRA gecertificeerd: JA
T√úV getest: JA
Verhoogd rendement van 99,10%
Verminderd geluidsniveau (t.o.v. 1e generatie Kubie)
Gemiddelde elektriciteitsbesparing van ca. 12,6% (volgens T√úV test)
Geen verlies in wooncomfort
Werkt volledig op de achtergrond
De verlaagde spanning voorkomt beschadiging aan apparatuur door te hoge spanning.
Werkt optimaal samen met andere energie oplossingen zoals warmtepomp en zonnepanelen.
Beschermt tegen uitval omvormers door te hoge spanning
Eenmalige korte installatie (optioneel )
Hoge kwaliteit kunststof behuizing
Standaard groepenkastbreedte
10 jaar garantie (op basis van carry-in) *
Een compleet in Nederland vervaardigd product
Kan eenvoudig gedemonteerd en verplaatst worden
Afmetingen 22 x 38 x 14 cm",stuk,"‚Ç¨ 1.079,00",,https://drive.google.com/file/d/1G1fTw6FB8KtqRk6VRzJpo8hKdgZt28O7/view?usp=drive_link,"‚Ç¨ 891,74",
,,Omschakelaar 3/40,Door middel van een I-0-II schakelaar kunt u heel simpel uw volledige installatie naar keuze via de Kubie one of Kubie 3 laten lopen of volledig uitschakelen of buiten de Kubie om laten lopen.,stuk,"‚Ç¨ 239,00",,https://drive.google.com/file/d/1l79UalM-f_zHehkT-OAgJkhsLN42hn7p/view?usp=drive_link,"‚Ç¨ 197,52",
,,Verwijderen zonnepanelen 1 - 8,,stuk,"‚Ç¨ 52,00",,,"‚Ç¨ 42,98",
,,Verwijderen zonnepanelen 9-15,,stuk,"‚Ç¨ 45,00",,,"‚Ç¨ 37,19",
,,Verwijderen zonnepanelen 16 - 25,,stuk,"‚Ç¨ 38,00",,,"‚Ç¨ 31,40",
,,Verwijderen zonnepanelen 26-40,,stuk,"‚Ç¨ 32,00",,,"‚Ç¨ 26,45",
,,Verwijderen zonnepanelen 41 - 80,,stuk,"‚Ç¨ 29,04",,,"‚Ç¨ 24,00",
,,Verwijderen zonnepanelen > 750,,stuk,"‚Ç¨ 14,52",,,"‚Ç¨ 12,00",
,,"Randbeveiliging huur per m1, per week",,m1,"‚Ç¨ 6,05",,,"‚Ç¨ 5,00",
,,"Dakschroeven 6,3x25 met neopreen afdichtring",,stuk,"‚Ç¨ 0,21",,,"‚Ç¨ 0,17",
,,Roterende verreiker zonder chauffeur met asbestverwijder werkbak,,dag,"‚Ç¨ 181,50",,,"‚Ç¨ 150,00",
,,"Pallets 1,2 x 1,8 meter",,stuk,"‚Ç¨ 14,52",,,"‚Ç¨ 12,00",
,,Zoals omschreven,,,"‚Ç¨ 0,00",,,,
,,Verwijderen onderconstructie,Per paneel,stuk,"‚Ç¨ 8,00",,,"‚Ç¨ 6,61",
,,Opslaan zonnepanelen 1e week ,"Zonnepanelen worden op pallet(s) gestapeld en stevig vastgezet, klaar voor transport. In de opslag worden ze bewaard tot ze weer nodig zijn. Prijs voor de eerste week is hoger vanwege transport en pallets. Op een pallet passen maximaal 36 zonnepanelen. Prijs is altijd per pallet",week,"‚Ç¨ 62,00",,,"‚Ç¨ 51,24",
,,Opslaan zonnepanelen per week ,,week,"‚Ç¨ 12,00",,,"‚Ç¨ 9,92",
,,Plaatsen zonnepanelen 1 - 8,Inclusief aanbrengen bekabeling. Optioneel worden er optimizers of microomvormers onder de zonnepanelen geplaatst,stuk,"‚Ç¨ 52,00",,,"‚Ç¨ 42,98",
,,Plaatsen zonnepanelen 9 - 15,Inclusief aanbrengen bekabeling. Optioneel worden er optimizers of microomvormers onder de zonnepanelen geplaatst,stuk,"‚Ç¨ 45,00",,,"‚Ç¨ 37,19",
,,Plaatsen zonnepanelen 16 - 25,Inclusief aanbrengen bekabeling. Optioneel worden er optimizers of microomvormers onder de zonnepanelen geplaatst,stuk,"‚Ç¨ 38,00",,,"‚Ç¨ 31,40",
,,Plaatsen zonnepanelen 26 - 40,Inclusief aanbrengen bekabeling. Optioneel worden er optimizers of microomvormers onder de zonnepanelen geplaatst,stuk,"‚Ç¨ 32,00",,,"‚Ç¨ 26,45",
,,Plaatsen zonnepanelen >750,Inclusief aanbrengen bekabeling. Optioneel worden er optimizers of microomvormers onder de zonnepanelen geplaatst,stuk,"‚Ç¨ 21,78",,,"‚Ç¨ 18,00",
,,Plaatsen onderconstructie ,"Voor het plaatsen van zonnepanelen moet eerst een frame worden geplaatst. Op een schuin dak bestaat dat meestal uit haken en profielen, op een plat dak zijn het vaak steunen, verzwaard met betontegels",per paneel,"‚Ç¨ 12,00",,,"‚Ç¨ 9,92",
,,Onderconstructie schuin dak,"van de Valk, nederlands product met 20 jaar fabrieksgarantie",per paneel,"‚Ç¨ 56,00",,,"‚Ç¨ 46,28",
,,Onderconstructie plat dak,"Sunstruction, nederlands product met 20 jaar fabrieksgarantie",per paneel,"‚Ç¨ 65,00",,,"‚Ç¨ 53,72",
,,Constructie berekeningen,Volgens afspraak 30 januari,totaal,"‚Ç¨ 2.898,55",,,"‚Ç¨ 2.395,50",
,,Q-relais enphase 3Fase,,stuk,"‚Ç¨ 240,79",,,"‚Ç¨ 199,00",
,,Zaptec | Go | 22 kW | Asphalt Black,"Productinformatie
""Compact, gemakkelijk te installeren, toekomstbestendig en super slim, de Zaptec Go is een uitstekende thuislader."" - Wessel Joon, Productmanager
Zaptec Go Asphalt Black
De Zaptec Go maakt het mogelijk om jouw elektrische auto op een duurzame manier op te laden wanneer het jouw uitkomt. Deze prachtig ontworpen, simpele laadpaal voor thuisgebruik is verkrijgbaar in zes kleuren en zo groot als een tablet waardoor het weinig ruimte inneemt. Perfect voor in je garage of op jouw parkeerplek. De Zaptec Go sluit aan op alle elektrische voertuigen en huizen en past zijn maximale laadvermogen aan op de capaciteit van je auto. Dankzij het slimme ontwerp is het mogelijk om drie Zaptec Go laadpalen aan huis te installeren en je kunt wel 10 keer sneller opladen dan met een standaard stopcontact. Bovendien is de Zaptec Go bekroond met de hoogste veiligheidsstandaarden. Zo heeft het o.a. een ge√Øntegreerd Type B reststroom apparaat dat de stroomonderbreker uitschakelt als er een aardingsfout in het voertuig of de laadkabel zit. Voert het kalibraties en zelftesten uit voor elke laadsessie en is het uitgerust met verschillende interne temperatuursensoren. De Zaptec Go is altijd online via wifi of 4G LTE-M en blijft up-to-date met de gratis nieuwste functies en updates dankzij zijn eigen cloud service, Zaptec Portal.

Deze Zaptec Go laadpaal in 'Asphalt Black' heeft een laadvermogen van 22kW en een Type 2 aansluiting. De ZAP-ZM000688 behoort tot de Zaptec Go serie en heeft een fabrieksgarantie van 5 jaar.",stuk,"‚Ç¨ 761,09",https://drive.google.com/file/d/1Cpq9hdBnAZ3SV_i0LiE_LdQX_ErwqknQ/view?usp=drive_link,https://drive.google.com/file/d/1AoX7QC7Czj8KVYMUFSp1K-KbXtankizm/view?usp=drive_link,"‚Ç¨ 629,00",
,,Zaptec | Sense P1,"De Zaptec Sense is ontworpen om slim gebruik te maken van energie in huizen, appartementencomplexen en bedrijfsgebouwen. Deze loadbalancing module beschermt uw zekeringen en regelt automatisch de laadsnelheid. Jouw voertuig kan sneller worden opgeladen als er weinig stroom wordt gebruikt. De Zaptec Sense vermijdt overbelasting en stroomuitval wanneer hij veel stroom gebruikt.De Sense P1 kan ook in combinatie met de P1 energiemeter worden gebruikt voor loadbalancing.",stuk,"‚Ç¨ 87,12",,https://drive.google.com/file/d/1CYRIoObley_4SZS6nklOokKtRmyJSCOc/view?usp=drive_link,"‚Ç¨ 72,00",
,,Pytess Pi-LV1 BMU,"Pytes Pi-LV1 BMU en Batterij ‚Äì Flexibel en Modulair
De Pytes Pi-LV1 BMU en de LFP-batterijmodules bieden een modulaire en schaalbare energieoplossing, waarmee gebruikers hun energieopslag flexibel kunnen configureren.
Battery Management Unit (BMU)
Slim Energiebeheer: De BMU regelt en optimaliseert de prestaties van de aangesloten batterijmodules.
Geavanceerde Veiligheid: Met ge√Øntegreerde DC-schakelaar, zekering en veldbeproefde BMS voor betrouwbare bescherming.
Compatibel & Communicatie: Ondersteunt CAN en RS485 voor naadloze communicatie en integratie.",stuk,"‚Ç¨ 1.179,75",,https://drive.google.com/file/d/1lG9CnSUvziX0ufCKULV9eUWU9nvEc9If/view?usp=drive_link,"‚Ç¨ 975,00",
,,Pytess Pi-LV1 5.12kWh,"Pytes Pi-LV1 BMU en Batterij ‚Äì Flexibel en Modulair
De Pytes Pi-LV1 BMU en de LFP-batterijmodules bieden een modulaire en schaalbare energieoplossing, waarmee gebruikers hun energieopslag flexibel kunnen configureren.
Losse Batterijmodules
Hoogwaardige LFP-Technologie: Bewezen Lithium IJzer Fosfaat (LFP) cellen voor lange levensduur en stabiliteit.
Capaciteitsopties: Beschikbaar van 5,12 kWh tot 30,72 kWh per stapel, uitbreidbaar tot 122,88 kWh.
Krachtige Prestaties: Tot 100A piekdischarge, geschikt voor zware belastingen.
Weerbestendig: Dankzij de IP55-classificatie geschikt voor zowel binnen- als buiteninstallaties.
De losse BMU en batterijmodules maken een gepersonaliseerde installatie mogelijk, zodat gebruikers de opslagcapaciteit exact kunnen afstemmen op hun energiebehoeften.",stuk,"‚Ç¨ 1.305,59",https://drive.google.com/file/d/1TWuyHWHCgtSzdrmne9abE4lt9ODYSyPg/view?usp=drive_link,https://drive.google.com/file/d/1gD_F2T-nBTDANXQhLPp1t-LrHY9_w2Wy/view?usp=drive_link,"‚Ç¨ 1.079,00",
,,Solis S6 12kW 3 Phase Hybrid Inverter,"De S6-EH3P(8-15)K02-NV-YD-L is een krachtige en veelzijdige driefase hybride laagspanningsomvormer, speciaal ontworpen voor grote residenti√´le PV-energieopslagsystemen. Dankzij de ondersteuning van 48V accu's, en compatibiliteit met diverse lithium- en loodbatterijen, biedt deze omvormer flexibiliteit in energiebeheer.
Wat deze omvormer bijzonder maakt, is de 200% piekbelasting gedurende 10 seconden, waardoor hij moeiteloos omgaat met plotselinge vermogenspieken en veeleisende apparaten. Daarnaast heeft hij een UPS-niveau schakeling, wat betekent dat hij naadloos en razendsnel overschakelt naar back-upmodus bij stroomuitval.
Een andere grote troef is de generatoraansluiting, waarmee de omvormer de back-upduur aanzienlijk verlengt door dynamisch samen te werken met generatoren. Dit maakt hem ideaal voor gebieden met een instabiel elektriciteitsnet of waar energiezekerheid een prioriteit is.
Verder biedt hij intelligente belastingverdeling, waarbij hij ongebalanceerde en halvegolfbelastingen aankan, zowel op het net als op de back-uppoort. Bovendien kunnen meerdere omvormers samenwerken om een microgrid te vormen, wat extra stabiliteit en effici√´ntie biedt.
Met een maximale laad-/ontlaadstroom van 290A slaat hij overtollige zonne-energie effici√´nt op en optimaliseert het energiegebruik. Kortom, een robuuste oplossing voor een duurzame en stabiele energievoorziening, met maximale flexibiliteit en betrouwbaarheid. üí°‚ö°",stuk,"‚Ç¨ 2.269,84",https://drive.google.com/file/d/1CMNk0wWZODzbqH99I0Y5Vm0vXdXHGfjj/view?usp=drive_link,https://drive.google.com/file/d/1m63ZgxvLeiYwkB19oI8qHpDkbhL109um/view?usp=drive_link,"‚Ç¨ 1.875,90",1443
,,Solis S6 15kW 3 Phase Hybrid Inverter,"De S6-EH3P(8-15)K02-NV-YD-L is een krachtige en veelzijdige driefase hybride laagspanningsomvormer, speciaal ontworpen voor grote residenti√´le PV-energieopslagsystemen. Dankzij de ondersteuning van 48V accu's, en compatibiliteit met diverse lithium- en loodbatterijen, biedt deze omvormer flexibiliteit in energiebeheer.
Wat deze omvormer bijzonder maakt, is de 200% piekbelasting gedurende 10 seconden, waardoor hij moeiteloos omgaat met plotselinge vermogenspieken en veeleisende apparaten. Daarnaast heeft hij een UPS-niveau schakeling, wat betekent dat hij naadloos en razendsnel overschakelt naar back-upmodus bij stroomuitval.
Een andere grote troef is de generatoraansluiting, waarmee de omvormer de back-upduur aanzienlijk verlengt door dynamisch samen te werken met generatoren. Dit maakt hem ideaal voor gebieden met een instabiel elektriciteitsnet of waar energiezekerheid een prioriteit is.
Verder biedt hij intelligente belastingverdeling, waarbij hij ongebalanceerde en halvegolfbelastingen aankan, zowel op het net als op de back-uppoort. Bovendien kunnen meerdere omvormers samenwerken om een microgrid te vormen, wat extra stabiliteit en effici√´ntie biedt.
Met een maximale laad-/ontlaadstroom van 290A slaat hij overtollige zonne-energie effici√´nt op en optimaliseert het energiegebruik. Kortom, een robuuste oplossing voor een duurzame en stabiele energievoorziening, met maximale flexibiliteit en betrouwbaarheid. üí°‚ö°",stuk,"‚Ç¨ 2.359,50",https://drive.google.com/file/d/1CMNk0wWZODzbqH99I0Y5Vm0vXdXHGfjj/view?usp=drive_link,https://drive.google.com/file/d/1m63ZgxvLeiYwkB19oI8qHpDkbhL109um/view?usp=drive_link,"‚Ç¨ 1.950,00",1500
,,Solis 5G 6.0kW 230V Hybrid Inverter - 1 Phase,"De S5-EH1P(3-6)K-L is een geavanceerde eenfase hybride laagspanningsomvormer, speciaal ontworpen voor residenti√´le energieopslag. Hij ondersteunt lithium- en loodzuurbatterijen, waardoor gebruikers flexibiliteit hebben bij hun energiebeheer.
Met een back-up vermogen van 5 kW zorgt deze omvormer ervoor dat kritieke belastingen zonder onderbreking blijven werken. Dankzij de supersnelle schakeltijd van minder dan 20 ms biedt hij een UPS-niveau stroomvoorziening, ideaal voor situaties waarin betrouwbaarheid cruciaal is. Bovendien ondersteunt hij 200% piekbelasting, wat betekent dat hij kortstondig dubbel vermogen kan leveren om tijdelijke hoge energiebehoeften op te vangen.
De omvormer beschikt over een generatoraansluiting, wat betekent dat hij naadloos kan samenwerken met generatoren om de back-upcapaciteit verder te vergroten. Dit maakt hem uitermate geschikt voor gebieden met een onstabiel elektriciteitsnet.
Daarnaast biedt hij: ‚úÖ Stringstroom tot 15A, ideaal voor hoogrendement zonnepanelen ‚úÖ Intelligent energiebeheer, waardoor batterijprestaties worden geoptimaliseerd ‚úÖ Ontwerp zonder ventilator, wat zorgt voor een langere levensduur en geruisloos gebruik ‚úÖ Vlamboogbeveiliging, waardoor het risico op brand aanzienlijk wordt verminderd ‚úÖ 24/7 online monitoring, inclusief software-updates op afstand via WiFi/GPRS ‚úÖ Compatibiliteit met diverse werkmodi, waardoor eigen verbruik wordt gemaximaliseerd
Met deze uitgebreide functies is de S5-EH1P(3-6)K-L een betrouwbare en effici√´nte oplossing voor duurzame energieopslag en een stabiele elektriciteitsvoorziening. ‚ö°üîãüí°",stuk,"‚Ç¨ 959,53",https://drive.google.com/file/d/1KpzXhNX6tYRLQaSic7smFcTsUBSZDr6n/view?usp=drive_link,https://drive.google.com/file/d/1b76oyxD7Hn0Q32eGOBs0fob_ALhISYaV/view?usp=drive_link,"‚Ç¨ 793,00",610
,,Solis 5G 4.6kW LV 230V AC Coupled Energy Storage Inverter,"De Solis 5G 4.6kW 230V AC Coupled Energy Storage Inverter is een hybride omvormer die perfect geschikt is voor residenti√´le energieopslagsystemen. Dit model ondersteunt zowel lithium- als loodzuurbatterijen en biedt een snelle 20ms-reactie voor een ononderbroken stroomvoorziening, waardoor kritieke belastingen altijd van energie worden voorzien.
Belangrijke kenmerken:
Hybride functionaliteit: Werkt zowel on-grid als off-grid voor slimme energiebeheeropties.
AFCI-bescherming: Vermindert proactief het risico op brand.
Intelligente EMS-functie: Verhoogt de betrouwbaarheid van de batterij.
Hoge effici√´ntie: Verbeterde laad- en ontlaadprestaties voor maximale economische voordelen.
Deze omvormer is een betrouwbare en effici√´nte oplossing voor huishoudens die hun energiebeheer willen optimaliseren.",stuk,"‚Ç¨ 871,44",https://drive.google.com/file/d/1HLHOo5LRDcuy4sboXw8CuQfKFp-Bfz7E/view?usp=sharing,https://drive.google.com/file/d/1iAOKmKCkjH6JiAcNx54PJyEH0jD52jGG/view?usp=sharing,"‚Ç¨ 720,20",554
,,Solis S6 10kW 3 Phase Hybrid Inverter with DC,"De Solis S6 10kW 3 Phase Hybrid Inverter is een krachtige hybride omvormer die speciaal is ontworpen voor hoogspanningsbatterijen en driefasige energieopslag. Dit model biedt uitzonderlijke flexibiliteit dankzij de 4 MPPT's, waardoor het optimaal gebruik maakt van zonne-energie en compatibel is met moderne hoogvermogen zonnepanelen.
Belangrijke kenmerken:
Ge√Øntegreerde back-up schakelaar: Zorgt ervoor dat geselecteerde belastingen van stroom worden voorzien bij netuitval. LET OP: Optioneel
Parallelle verbinding: Ondersteunt tot 10 hybride omvormers via RS485.
Hoge ingangsstroom: 16A, geschikt voor krachtige zonnepaneelmodules.
AFCI-bescherming: Vermindert proactief het risico op brand.
Slimme EMS-functie: Optimaliseert batterijbeheer en verhoogt de betrouwbaarheid.
IP66-classificatie: Geschikt voor zowel binnen- als buiteninstallaties.
Deze omvormer is een betrouwbare en effici√´nte oplossing voor huishoudens en bedrijven die hun energiebeheer willen optimaliseren.",stuk,"‚Ç¨ 1.415,70",https://drive.google.com/file/d/1IdU8ExTuQz5gfOsIB1JLHgevS9-6yLmJ/view?usp=sharing,https://drive.google.com/file/d/1f7ciholgGpGYSMBgXhz_vQAiomLCvqJa/view?usp=sharing,"‚Ç¨ 1.170,00",900
,,Dyness Tower Battery Base,"De Dyness Tower Battery Base and Control Unit vormt het fundament van het Dyness batterijopslagsysteem. Dit onderdeel fungeert als het voetstuk waarin de batterijmodules worden geplaatst en bevat de Battery Management Unit (BMU), die essentieel is voor het beheer en de monitoring van de accu's.
Hoewel deze unit zelf geen energie opslaat, is het een onmisbare schakel in het systeem, omdat het zorgt voor optimale communicatie tussen de batterijen en de omvormer. Dankzij de compacte en flexibele vormgeving en IP65-bescherming kan het zowel binnen als buiten worden ge√Ønstalleerd.
Kortom, zonder de Dyness Tower Battery Base and Control Unit kunnen de Dyness-accu's niet correct functioneren.",stuk,"‚Ç¨ 402,69",,https://drive.google.com/file/d/19n0aQAMB_hjNc1loHvMGFNRTfRJQdSsB/view?usp=sharing,"‚Ç¨ 332,80",256
,,Dyness Tower Combiner Box,"De Tower Combiner Box van Dyness is de ultieme oplossing voor effici√´nte en veilige energieopslag. Speciaal ontworpen om meerdere batterijmodules te combineren, zorgt de Combiner Box voor een gestroomlijnde stroomverdeling en optimale prestaties van het energieopslagsysteem. Met zijn robuuste ontwerp en betrouwbare technologie verhoogt deze combiner box de effici√´ntie en betrouwbaarheid van elke energieopslaginstallatie.

‚Äì 5 Dyness torens kunnen aan elkaar gekoppeld worden.",stuk,"‚Ç¨ 589,88",,https://drive.google.com/file/d/197neIOVAvg3I-nV4b0JYKA41GPqLivYo/view?usp=sharing,"‚Ç¨ 487,50",375
,,Dyness Tower 3.55kWh Battery Module,"De Dyness Tower 3.55kWh Battery Module is een krachtige en flexibele hoogspanningsbatterij voor energieopslag. Deze module maakt gebruik van LiFePO4-technologie, wat zorgt voor een lange levensduur en uitstekende veiligheid.
Belangrijke kenmerken:
Capaciteit van 3.55kWh, uitbreidbaar tot 21.3kWh.
Stapelbaar ontwerp, waardoor meerdere modules eenvoudig gecombineerd kunnen worden.
Slimme BMS (Battery Management System) voor optimale prestaties en compatibiliteit met diverse omvormers.
Breed temperatuurbereik van -10¬∞C tot 50¬∞C, geschikt voor verschillende omgevingen.
Deze batterijmodule is ideaal voor residenti√´le en commerci√´le energieopslag, en biedt een effici√´nte en betrouwbare oplossing voor zonne-energiegebruik",stuk,"‚Ç¨ 803,80",https://drive.google.com/file/d/17ZVfM2Rd89e1vOGjl4E72sMBxnIbH4eM/view?usp=sharing,https://drive.google.com/file/d/1YJHHHRknMhadC-jtFQeViBWLyOLQ87SB/view?usp=sharing,"‚Ç¨ 664,30",511
,,,,,"‚Ç¨ 0,00",,,"‚Ç¨ 0,00",
,,,,,"‚Ç¨ 0,00",,,"‚Ç¨ 0,00",
,,,,,"‚Ç¨ 0,00",,,"‚Ç¨ 0,00",
,,Accu 1-fase Installatie,"Het aansluiten van een energieopslagsysteem met een 1 fase AC gekoppelde omvormer inclusief een kabeltraject van maximaal 15 meter, kortste route, tot de groepenkast.",stuk,"‚Ç¨ 1.089,00",,https://drive.google.com/file/d/1OF07JVLiTN4mHhi15tl1hhbPQbn89YLz/view?usp=drive_link,"‚Ç¨ 900,00",
,,Accu 3-fase Installatie,"Het aansluiten van een energieopslagsysteem met een 3 fase AC gekoppelde omvormer inclusief een kabeltraject van maximaal 15 meter, kortste route, tot de groepenkast.",stuk,"‚Ç¨ 1.452,00",,https://drive.google.com/file/d/1OF07JVLiTN4mHhi15tl1hhbPQbn89YLz/view?usp=drive_link,"‚Ç¨ 1.200,00",
,,1-fase accu + Backup installatie,"Het aansluiten van een energieopslagsysteem met een 1 fase AC gekoppelde omvormer inclusief een kabeltraject van maximaal 15 meter, kortste route, tot de groepenkast. Inclusief het aanpassen van de meterkast voor automatische omschakeling naar backup bij stroomuitval.",stuk,"‚Ç¨ 1.754,50",,https://drive.google.com/file/d/1OF07JVLiTN4mHhi15tl1hhbPQbn89YLz/view?usp=drive_link,"‚Ç¨ 1.450,00",
,,3-fase accu + Backup installatie,"Het aansluiten van een energieopslagsysteem met een 3 fase AC gekoppelde omvormer inclusief een kabeltraject van maximaal 15 meter, kortste route, tot de groepenkast. Inclusief het aanpassen van de meterkast voor automatische omschakeling naar backup bij stroomuitval.",stuk,"‚Ç¨ 2.359,50",,https://drive.google.com/file/d/1OF07JVLiTN4mHhi15tl1hhbPQbn89YLz/view?usp=drive_link,"‚Ç¨ 1.950,00",
,,Kabeltrace per m1,"YMVK kabel 6mm2 voor het aansluiten van de accu. Inclusief nette afwerking in witte kabelgoot of buis. Graafwerk is inbegrepen, terugleggen van straatwerk niet.",m1,"‚Ç¨ 20,57",,,"‚Ç¨ 17,00",
,,Kabeltrace per m1 incl Backup kabel,"2x YMVK kabel 6mm2 voor het aansluiten van de accu en de aansluiting van de back-up. Inclusief nette afwerking in witte kabelgoot of buis. Graafwerk is inbegrepen, terugleggen van straatwerk niet.",m1,"‚Ç¨ 30,25",,,"‚Ç¨ 25,00",
,,Generator aansluiting,Een 16a stekker aansluiting voor het aansluiten van een generator,stuk,"‚Ç¨ 108,90",,https://drive.google.com/file/d/1uwx_Vl_AQSt8b-H0ASDT0-_WV9Z5e1Uo/view?usp=drive_link,"‚Ç¨ 90,00",
,,(Micro) omvormer aansluiting,AC uitgang van bestaande PV installatie wordt aangesloten op de omvormer zodat de accu ook wordt geladen bij stroomuitval. ,stuk,"‚Ç¨ 151,25",,,"‚Ç¨ 125,00",
,,Combi Generator/omvormer aansluiting,Een 16a stekker aansluiting voor het aansluiten van een generator. En de AC uitgang van bestaande PV installatie wordt aangesloten op de omvormer zodat de accu ook wordt geladen bij stroomuitval. Er wordt een schakelaar geplaatst voor de zodat er een keuze gemaakt kan worden tussen laden met de generator of laden met de zonnepanelen,stuk,"‚Ç¨ 453,75",,https://drive.google.com/file/d/1wKL7QLbU248_JHua1zu9JPfTogUKm-jP/view?usp=drive_link,"‚Ç¨ 375,00",
,,Zaptec Go,"De Zaptec Go maakt het mogelijk om jouw elektrische auto op een duurzame en snelle manier op te laden met max 22 kW per uur wanneer het jouw uitkomt. Deze prachtig ontworpen, simpele laadpaal voor thuisgebruik is verkrijgbaar in zes kleuren en zo groot als een tablet waardoor het weinig ruimte inneemt. Perfect voor in je garage of op jouw parkeerplek. De Zaptec Go sluit aan op alle elektrische voertuigen en huizen en past zijn maximale laadvermogen aan op de capaciteit van je auto. Dankzij het slimme ontwerp is het mogelijk om drie Zaptec Go laadpalen aan huis te installeren en je kunt wel 10 keer sneller opladen dan met een standaard stopcontact. Bovendien is de Zaptec Go bekroond met de hoogste veiligheidsstandaarden. Zo heeft het o.a. een ge√Øntegreerd Type B reststroom apparaat dat de stroomonderbreker uitschakelt als er een aardingsfout in het voertuig of de laadkabel zit. Voert het kalibraties en zelftesten uit voor elke laadsessie en is het uitgerust met verschillende interne temperatuursensoren. De Zaptec Go is altijd online via wifi of 4G LTE-M en blijft up-to-date met de gratis nieuwste functies en updates dankzij zijn eigen cloud service, Zaptec Portal.",stuk,"‚Ç¨ 805,38",https://drive.google.com/file/d/1_bHuTN_WAyDBAik48H8b4Iayl_CcoePA/view?usp=drive_link,https://drive.google.com/file/d/1WFdI9ihIuR2CcvV1zM7JHVuAH3lzyJXJ/view?usp=drive_link,"‚Ç¨ 665,60",512
,,Zaptec Sense,Dynamic Loadbalance,stuk,"‚Ç¨ 94,38",,https://drive.google.com/file/d/1uC-0eZEB0GA4XpsL_pk-tNF-ziHKl367/view?usp=drive_link,"‚Ç¨ 78,00",60
,,Complete installatie laadpaak met ingebruikstelling,"Stap over op een eenvoudige en groene manier van opladen met onze thuislaadpaal installatieservice. Dit is wat je kunt verwachten: Naadloze Installatie: Onze professionals zorgen voor een vlotte en veilige installatie in je meterkast, waarbij rekening wordt gehouden met de beste route voor het kabeltrac√©.",totaal,"‚Ç¨ 550,55",,https://drive.google.com/file/d/1WehJ55Hd6u2v9NCxsQvv2quEwtZfLZA9/view?usp=drive_link,"‚Ç¨ 455,00",350
,,Materiaal kabeltrace 3F per meter,Kabeltrace per strekkende meter inclusief afwerking in buis over de muur of door de muur en dan door de kruipruimte. ,m1,"‚Ç¨ 20,45",,https://drive.google.com/file/d/1QFZLRhjeImo2UEvtMhSE9s_nsSsje3jj/view?usp=drive_link,"‚Ç¨ 16,90",13
,,BH 1-fase Installatie,1 element op de muur of 1 toren: ,stuk,"‚Ç¨ 1.179,75",,https://drive.google.com/file/d/1OF07JVLiTN4mHhi15tl1hhbPQbn89YLz/view?usp=drive_link,"‚Ç¨ 975,00",
,,BH 3-fase Installatie,2 elementen op de muur of 1 toren:,stuk,"‚Ç¨ 1.633,50",,https://drive.google.com/file/d/1OF07JVLiTN4mHhi15tl1hhbPQbn89YLz/view?usp=drive_link,"‚Ç¨ 1.350,00",
,,BH Extra accu toren of element op de muur,,stuk,"‚Ç¨ 102,85",,https://drive.google.com/file/d/1YvbH38lPcvvNi1kFlkc9Hg_wHHxQUl9-/view?usp=sharing,"‚Ç¨ 85,00",
,,BH 1-fase Backup,Inclusief omschakelaar en nodige aanpassingen in de groepenkast inclusief vervangen kleine groepenkast,stuk,"‚Ç¨ 1.089,00",,https://drive.google.com/file/d/1l79UalM-f_zHehkT-OAgJkhsLN42hn7p/view?usp=drive_link,"‚Ç¨ 900,00",
,,BH 3-fase Backup,Inclusief omschakelaar en nodige aanpassingen in de groepenkast inclusief vervangen kleine groepenkast,stuk,"‚Ç¨ 1.452,00",,https://drive.google.com/file/d/1l79UalM-f_zHehkT-OAgJkhsLN42hn7p/view?usp=drive_link,"‚Ç¨ 1.200,00",
,,BH generator aansluiting,Stekkeraansluiting voor laden accu met generator,stuk,"‚Ç¨ 217,80",,https://drive.google.com/file/d/1uwx_Vl_AQSt8b-H0ASDT0-_WV9Z5e1Uo/view?usp=drive_link,"‚Ç¨ 180,00",
,,BH PV aansluiting,Bestaande stringkabels worden aangesloten op de omvormer. DC stekkers wroden vervangen voor passende DC stekkers. Er worden geen nieuwe kabels getrokken,stuk,"‚Ç¨ 90,75",,https://drive.google.com/file/d/1rp2Ae_XOcdwgeRypmiyp6eaeAI3m4RA-/view?usp=drive_link,"‚Ç¨ 75,00",
,,BH Vervangen 1-fase groepenkast,"1 1F+N hoofdschakelaar, 2 aardlekschakelaars, 6 groepen B16",stuk,"‚Ç¨ 665,50",,https://drive.google.com/file/d/1fth4hZigN8yyqG-Uk3nvcjr0En3gKrIB/view?usp=sharing,"‚Ç¨ 550,00",
,,BH Vervangen 3-fase groepenkast,"1 3F+N hoofdschakelaar, 2 aardlekschakelaars, 6 groepen B16",stuk,"‚Ç¨ 816,75",,https://drive.google.com/file/d/1gVmgcol096foqPdFcLOVt_OZGZrUV8gT/view?usp=sharing,"‚Ç¨ 675,00",
,,BH 1-fase automaat (16A),Inclusief aansluitdraden en plaatsen icm een installatie ,stuk,"‚Ç¨ 21,78",,https://drive.google.com/file/d/1k-kw_Gbp8uW-75kktoI48JTHKCGREs9m/view?usp=drive_link,"‚Ç¨ 18,00",
,,BH 1-fase automaat (20A),Inclusief aansluitdraden en plaatsen icm een installatie ,stuk,"‚Ç¨ 26,62",,https://drive.google.com/file/d/1k-kw_Gbp8uW-75kktoI48JTHKCGREs9m/view?usp=drive_link,"‚Ç¨ 22,00",
,,BH 1-fase aardlekschakelaar,Inclusief aansluitdraden en plaatsen icm een installatie ,stuk,"‚Ç¨ 38,72",,,"‚Ç¨ 32,00",
,,BH 1-fase aardlekautomaat B16 ~ B 25,Inclusief aansluitdraden en plaatsen icm een installatie ,stuk,"‚Ç¨ 50,82",,,"‚Ç¨ 42,00",
,,BH 3-fase automaat (krachtgroep) B16 ~ B25,Inclusief aansluitdraden en plaatsen icm een installatie ,stuk,"‚Ç¨ 38,72",,,"‚Ç¨ 32,00",
,,BH 3-fase aardlekschakelaar ,Inclusief aansluitdraden en plaatsen icm een installatie ,stuk,"‚Ç¨ 68,97",,,"‚Ç¨ 57,00",
,,BH 3-fase aardlekautomaat B16 ~ B 25,Inclusief aansluitdraden en plaatsen icm een installatie ,stuk,"‚Ç¨ 141,57",,,"‚Ç¨ 117,00",
,,BH kookgroep,Inclusief aansluitdraden en plaatsen icm een installatie ,stuk,"‚Ç¨ 38,72",,,"‚Ç¨ 32,00",
,,BH beltrafo,Inclusief aansluitdraden en plaatsen icm een installatie ,stuk,"‚Ç¨ 20,57",,,"‚Ç¨ 17,00",
,,BH (dinrail) contactdoos,Inclusief aansluitdraden en plaatsen icm een installatie ,stuk,"‚Ç¨ 20,57",,,"‚Ç¨ 17,00",
,,BH Uitbreiding kast (>24 DIN-rail modules),,stuk,"‚Ç¨ 105,27",,https://drive.google.com/file/d/1pO3i4i0pq47X0nYZ7JKSgodFZxdQF0hD/view?usp=sharing,"‚Ç¨ 87,00",
,,BH Meerwerk op regiebasis,,uur,"‚Ç¨ 83,49",,,"‚Ç¨ 69,00",
,,BH Reistijd. > 45 minuten,per 15 minuten,kwartier,"‚Ç¨ 24,20",,,"‚Ç¨ 20,00",
,,BH Kabeltrac√© > 15 m,Meerprijs per meter inclusief afwerking en arbeid,meter,"‚Ç¨ 33,88",,,"‚Ç¨ 28,00",
,,BH Kabeltrac√© incl backup > 15 m,Dubbele kabel vanwege Back-up. Meerprijs per meter inclusief afwerking en arbeid,meter,"‚Ç¨ 50,82",,,"‚Ç¨ 42,00",
,,BH DC kabeltrac√© 1 string,"Als de DC kabels voor het aansluiten van de zonnepanelen verlengd moeten worden. Prijs per strekkende meter per string, DC kabels zijn altijd een paar",meter,"‚Ç¨ 18,15",,,"‚Ç¨ 15,00",
,,BH DC kabeltrac√© extra  string,"Als de DC kabels voor het aansluiten van de zonnepanelen verlengd moeten worden. Prijs per strekkende meter per string, DC kabels zijn altijd een paar",meter,"‚Ç¨ 9,68",,,"‚Ç¨ 8,00",
,,BH UTP splitter of P1 splitter,Splitter voor extra aansluiting internet of P! poort slimme meter,stuk,"‚Ç¨ 42,35",,,"‚Ç¨ 35,00",
,,Rol DC kabel 6mm2,Rood of zwart,500 m1,"‚Ç¨ 559,02",,,"‚Ç¨ 462,00",
,,Aardedraad geel/groen verzinkt,,500m1,"‚Ç¨ 529,98",,,"‚Ç¨ 438,00",
,,MC4 stekker m/v,voor 6mm2,set,"‚Ç¨ 2,84",,,"‚Ç¨ 2,35",
,,Zelftappende dakschroef,Voor bevestiging op staal dak,stuk,"‚Ç¨ 0,57",,,"‚Ç¨ 0,47",
,,Tussen/eindklem Solarnrg,Voor het vastzetten van een zonnepaneel,stuk,"‚Ç¨ 2,24",,,"‚Ç¨ 1,85",
,,Kabel draadgoot 60~150x60 mm,Inclusief bevestiging. Alle kabels bij elkaar. ,m1,"‚Ç¨ 20,97",,,"‚Ç¨ 17,33",
,,Kabel draadgoot 200~3000x60 mm,Inclusief bevestiging. Alle kabels bij elkaar. ,m2,"‚Ç¨ 34,65",,,"‚Ç¨ 28,64",
,,,,,"‚Ç¨ 0,00",,,,
,,Omschakelaar 1F,Omschakelaar 1 fase voor veilig schakelen tussen 2 energiebronnen bij bijvoorbeeld een back-up installatie als een thuisbatterij of een generator,stuk,"‚Ç¨ 137,94",,,114,
,,,,,"‚Ç¨ 0,00",,,,
,,Zoals omschreven,,,"‚Ç¨ 0,00",,,"‚Ç¨ 0,00",
,,,,,"‚Ç¨ 0,00",,,"‚Ç¨ 0,00",
,,,,,"‚Ç¨ 0,00",,,"‚Ç¨ 0,00",
,,,,,"‚Ç¨ 0,00",,,"‚Ç¨ 0,00",
,,,,,"‚Ç¨ 0,00",,,"‚Ç¨ 0,00",
,,,,,"‚Ç¨ 0,00",,,"‚Ç¨ 0,00",
,,,,,"‚Ç¨ 0,00",,,"‚Ç¨ 0,00",
,,,,,"‚Ç¨ 0,00",,,"‚Ç¨ 0,00",
,,,,,"‚Ç¨ 0,00",,,"‚Ç¨ 0,00",
,,,,,"‚Ç¨ 0,00",,,"‚Ç¨ 0,00",
,,,,,"‚Ç¨ 0,00",,,"‚Ç¨ 0,00",
,,,,,"‚Ç¨ 0,00",,,"‚Ç¨ 0,00",
,,,,,"‚Ç¨ 0,00",,,"‚Ç¨ 0,00",
,,,,,"‚Ç¨ 0,00",,,"‚Ç¨ 0,00",
,,,,,"‚Ç¨ 0,00",,,"‚Ç¨ 0,00",
,,,,,"‚Ç¨ 0,00",,,"‚Ç¨ 0,00",
,,,,,"‚Ç¨ 0,00",,,"‚Ç¨ 0,00",
,,,,,"‚Ç¨ 0,00",,,"‚Ç¨ 0,00",
,,,,,"‚Ç¨ 0,00",,,"‚Ç¨ 0,00",
,,,,,"‚Ç¨ 0,00",,,"‚Ç¨ 0,00",
,,,,,"‚Ç¨ 0,00",,,"‚Ç¨ 0,00",
,,,,,"‚Ç¨ 0,00",,,"‚Ç¨ 0,00",
,,,,,"‚Ç¨ 0,00",,,"‚Ç¨ 0,00",
,,,,,"‚Ç¨ 0,00",,,"‚Ç¨ 0,00",
,,,,,"‚Ç¨ 0,00",,,"‚Ç¨ 0,00",
,,,,,"‚Ç¨ 0,00",,,"‚Ç¨ 0,00",
,,,,,"‚Ç¨ 0,00",,,"‚Ç¨ 0,00",
,,,,,"‚Ç¨ 0,00",,,"‚Ç¨ 0,00",
,,,,,"‚Ç¨ 0,00",,,"‚Ç¨ 0,00",
,,,,,"‚Ç¨ 0,00",,,"‚Ç¨ 0,00",
,,,,,"‚Ç¨ 0,00",,,"‚Ç¨ 0,00",
,,,,,"‚Ç¨ 0,00",,,"‚Ç¨ 0,00",
,,,,,"‚Ç¨ 0,00",,,"‚Ç¨ 0,00",
,,,,,"‚Ç¨ 0,00",,,"‚Ç¨ 0,00",
,,,,,"‚Ç¨ 0,00",,,"‚Ç¨ 0,00",
,,,,,"‚Ç¨ 0,00",,,"‚Ç¨ 0,00",
,,,,,"‚Ç¨ 0,00",,,"‚Ç¨ 0,00",
,,,,,"‚Ç¨ 0,00",,,"‚Ç¨ 0,00",
,,,,,"‚Ç¨ 0,00",,,"‚Ç¨ 0,00",
,,,,,"‚Ç¨ 0,00",,,"‚Ç¨ 0,00",
,,,,,"‚Ç¨ 0,00",,,"‚Ç¨ 0,00",
,,,,,"‚Ç¨ 0,00",,,"‚Ç¨ 0,00",
,,,,,"‚Ç¨ 0,00",,,"‚Ç¨ 0,00",
,,,,,"‚Ç¨ 0,00",,,"‚Ç¨ 0,00",
,,,,,"‚Ç¨ 0,00",,,"‚Ç¨ 0,00",
,,,,,"‚Ç¨ 0,00",,,"‚Ç¨ 0,00",
,,,,,"‚Ç¨ 0,00",,,"‚Ç¨ 0,00",
,,,,,"‚Ç¨ 0,00",,,"‚Ç¨ 0,00",
,,,,,"‚Ç¨ 0,00",,,"‚Ç¨ 0,00",
,,,,,"‚Ç¨ 0,00",,,"‚Ç¨ 0,00",
,,,,,"‚Ç¨ 0,00",,,"‚Ç¨ 0,00",
,,,,,"‚Ç¨ 0,00",,,"‚Ç¨ 0,00",
,,,,,"‚Ç¨ 0,00",,,"‚Ç¨ 0,00",
,,,,,"‚Ç¨ 0,00",,,"‚Ç¨ 0,00",
,,,,,"‚Ç¨ 0,00",,,"‚Ç¨ 0,00",
,,,,,"‚Ç¨ 0,00",,,"‚Ç¨ 0,00",
,,,,,"‚Ç¨ 0,00",,,"‚Ç¨ 0,00",
,,,,,"‚Ç¨ 0,00",,,"‚Ç¨ 0,00",
,,,,,"‚Ç¨ 0,00",,,"‚Ç¨ 0,00",
,,,,,"‚Ç¨ 0,00",,,"‚Ç¨ 0,00",
,,,,,"‚Ç¨ 0,00",,,"‚Ç¨ 0,00",
,,,,,"‚Ç¨ 0,00",,,"‚Ç¨ 0,00",
,,,,,"‚Ç¨ 0,00",,,"‚Ç¨ 0,00",
,,,,,"‚Ç¨ 0,00",,,"‚Ç¨ 0,00",
,,,,,"‚Ç¨ 0,00",,,"‚Ç¨ 0,00",
,,,,,"‚Ç¨ 0,00",,,"‚Ç¨ 0,00",
,,,,,"‚Ç¨ 0,00",,,"‚Ç¨ 0,00",
,,,,,"‚Ç¨ 0,00",,,"‚Ç¨ 0,00",
,,,,,"‚Ç¨ 0,00",,,"‚Ç¨ 0,00",
,,,,,"‚Ç¨ 0,00",,,"‚Ç¨ 0,00",
,,,,,"‚Ç¨ 0,00",,,"‚Ç¨ 0,00",
,,,,,"‚Ç¨ 0,00",,,"‚Ç¨ 0,00",
,,,,,"‚Ç¨ 0,00",,,"‚Ç¨ 0,00",
,,,,,"‚Ç¨ 0,00",,,"‚Ç¨ 0,00",
,,,,,"‚Ç¨ 0,00",,,"‚Ç¨ 0,00",
,,,,,"‚Ç¨ 0,00",,,"‚Ç¨ 0,00",
,,,,,"‚Ç¨ 0,00",,,"‚Ç¨ 0,00",
,,,,,"‚Ç¨ 0,00",,,"‚Ç¨ 0,00",
,,,,,"‚Ç¨ 0,00",,,"‚Ç¨ 0,00",
,,,,,"‚Ç¨ 0,00",,,"‚Ç¨ 0,00",
,,,,,"‚Ç¨ 0,00",,,"‚Ç¨ 0,00",
,,,,,"‚Ç¨ 0,00",,,"‚Ç¨ 0,00",
,,,,,"‚Ç¨ 0,00",,,"‚Ç¨ 0,00",
,,,,,"‚Ç¨ 0,00",,,"‚Ç¨ 0,00",
,,,,,"‚Ç¨ 0,00",,,"‚Ç¨ 0,00",
,,,,,"‚Ç¨ 0,00",,,"‚Ç¨ 0,00",
,,,,,"‚Ç¨ 0,00",,,"‚Ç¨ 0,00",
,,,,,"‚Ç¨ 0,00",,,"‚Ç¨ 0,00",
,,,,,"‚Ç¨ 0,00",,,"‚Ç¨ 0,00",
,,,,,"‚Ç¨ 0,00",,,"‚Ç¨ 0,00",
,,,,,"‚Ç¨ 0,00",,,"‚Ç¨ 0,00",
,,,,,"‚Ç¨ 0,00",,,"‚Ç¨ 0,00",
,,,,,"‚Ç¨ 0,00",,,"‚Ç¨ 0,00",
,,,,,"‚Ç¨ 0,00",,,"‚Ç¨ 0,00",
,,,,,"‚Ç¨ 0,00",,,"‚Ç¨ 0,00",
,,,,,"‚Ç¨ 0,00",,,"‚Ç¨ 0,00",
,,,,,"‚Ç¨ 0,00",,,"‚Ç¨ 0,00",
,,,,,"‚Ç¨ 0,00",,,"‚Ç¨ 0,00",
,,,,,"‚Ç¨ 0,00",,,"‚Ç¨ 0,00",
,,,,,"‚Ç¨ 0,00",,,"‚Ç¨ 0,00",
,,,,,"‚Ç¨ 0,00",,,"‚Ç¨ 0,00",
,,,,,"‚Ç¨ 0,00",,,"‚Ç¨ 0,00",
,,,,,"‚Ç¨ 0,00",,,"‚Ç¨ 0,00",
,,,,,"‚Ç¨ 0,00",,,"‚Ç¨ 0,00",
,,,,,"‚Ç¨ 0,00",,,"‚Ç¨ 0,00",
,,,,,"‚Ç¨ 0,00",,,"‚Ç¨ 0,00",
,,,,,"‚Ç¨ 0,00",,,"‚Ç¨ 0,00",
,,,,,"‚Ç¨ 0,00",,,"‚Ç¨ 0,00",
,,,,,"‚Ç¨ 0,00",,,"‚Ç¨ 0,00",
,,,,,"‚Ç¨ 0,00",,,"‚Ç¨ 0,00",
,,,,,"‚Ç¨ 0,00",,,"‚Ç¨ 0,00",
,,,,,"‚Ç¨ 0,00",,,"‚Ç¨ 0,00",
,,,,,"‚Ç¨ 0,00",,,"‚Ç¨ 0,00",
,,,,,"‚Ç¨ 0,00",,,"‚Ç¨ 0,00",
,,,,,"‚Ç¨ 0,00",,,"‚Ç¨ 0,00",
,,,,,"‚Ç¨ 0,00",,,"‚Ç¨ 0,00",
,,,,,"‚Ç¨ 0,00",,,"‚Ç¨ 0,00",
,,,,,"‚Ç¨ 0,00",,,"‚Ç¨ 0,00",
,,,,,"‚Ç¨ 0,00",,,"‚Ç¨ 0,00",
,,,,,"‚Ç¨ 0,00",,,"‚Ç¨ 0,00",
,,,,,"‚Ç¨ 0,00",,,"‚Ç¨ 0,00",
,,,,,"‚Ç¨ 0,00",,,"‚Ç¨ 0,00",
,,,,,"‚Ç¨ 0,00",,,"‚Ç¨ 0,00",
,,,,,"‚Ç¨ 0,00",,,"‚Ç¨ 0,00",
,,,,,"‚Ç¨ 0,00",,,"‚Ç¨ 0,00",
,,,,,"‚Ç¨ 0,00",,,"‚Ç¨ 0,00",
,,,,,"‚Ç¨ 0,00",,,"‚Ç¨ 0,00",
,,,,,"‚Ç¨ 0,00",,,"‚Ç¨ 0,00",
,,,,,"‚Ç¨ 0,00",,,"‚Ç¨ 0,00",
,,,,,"‚Ç¨ 0,00",,,"‚Ç¨ 0,00",
,,,,,"‚Ç¨ 0,00",,,"‚Ç¨ 0,00",
,,,,,"‚Ç¨ 0,00",,,"‚Ç¨ 0,00",
,,,,,"‚Ç¨ 0,00",,,"‚Ç¨ 0,00",
,,,,,"‚Ç¨ 0,00",,,"‚Ç¨ 0,00",
,,,,,"‚Ç¨ 0,00",,,"‚Ç¨ 0,00",
,,,,,"‚Ç¨ 0,00",,,"‚Ç¨ 0,00",
,,,,,"‚Ç¨ 0,00",,,"‚Ç¨ 0,00",
,,,,,"‚Ç¨ 0,00",,,"‚Ç¨ 0,00",
,,,,,"‚Ç¨ 0,00",,,"‚Ç¨ 0,00",
,,,,,"‚Ç¨ 0,00",,,"‚Ç¨ 0,00",
,,,,,"‚Ç¨ 0,00",,,"‚Ç¨ 0,00",
,,,,,"‚Ç¨ 0,00",,,"‚Ç¨ 0,00",
,,,,,"‚Ç¨ 0,00",,,"‚Ç¨ 0,00",
,,,,,"‚Ç¨ 0,00",,,"‚Ç¨ 0,00",
,,,,,"‚Ç¨ 0,00",,,"‚Ç¨ 0,00",
,,,,,"‚Ç¨ 0,00",,,"‚Ç¨ 0,00",
,,,,,"‚Ç¨ 0,00",,,"‚Ç¨ 0,00",
,,,,,"‚Ç¨ 0,00",,,"‚Ç¨ 0,00",
,,,,,"‚Ç¨ 0,00",,,"‚Ç¨ 0,00",
,,,,,"‚Ç¨ 0,00",,,"‚Ç¨ 0,00",
,,,,,"‚Ç¨ 0,00",,,"‚Ç¨ 0,00",
,,,,,"‚Ç¨ 0,00",,,"‚Ç¨ 0,00",
,,,,,"‚Ç¨ 0,00",,,"‚Ç¨ 0,00",
,,,,,"‚Ç¨ 0,00",,,"‚Ç¨ 0,00",
,,,,,"‚Ç¨ 0,00",,,"‚Ç¨ 0,00",
,,,,,"‚Ç¨ 0,00",,,"‚Ç¨ 0,00",
,,,,,"‚Ç¨ 0,00",,,"‚Ç¨ 0,00",
,,,,,"‚Ç¨ 0,00",,,"‚Ç¨ 0,00",
,,,,,"‚Ç¨ 0,00",,,"‚Ç¨ 0,00",
,,,,,"‚Ç¨ 0,00",,,"‚Ç¨ 0,00",
,,,,,"‚Ç¨ 0,00",,,"‚Ç¨ 0,00",
,,,,,"‚Ç¨ 0,00",,,"‚Ç¨ 0,00",
,,,,,"‚Ç¨ 0,00",,,"‚Ç¨ 0,00",
,,,,,"‚Ç¨ 0,00",,,"‚Ç¨ 0,00",
,,,,,"‚Ç¨ 0,00",,,"‚Ç¨ 0,00",
,,,,,"‚Ç¨ 0,00",,,"‚Ç¨ 0,00",
,,,,,"‚Ç¨ 0,00",,,"‚Ç¨ 0,00",
,,,,,"‚Ç¨ 0,00",,,"‚Ç¨ 0,00",
,,,,,"‚Ç¨ 0,00",,,"‚Ç¨ 0,00",
,,,,,"‚Ç¨ 0,00",,,"‚Ç¨ 0,00",
,,,,,"‚Ç¨ 0,00",,,"‚Ç¨ 0,00",
,,,,,"‚Ç¨ 0,00",,,"‚Ç¨ 0,00",
,,,,,"‚Ç¨ 0,00",,,"‚Ç¨ 0,00",
,,,,,"‚Ç¨ 0,00",,,"‚Ç¨ 0,00",
,,,,,"‚Ç¨ 0,00",,,"‚Ç¨ 0,00",
,,,,,"‚Ç¨ 0,00",,,"‚Ç¨ 0,00",
,,,,,"‚Ç¨ 0,00",,,"‚Ç¨ 0,00",
,,,,,"‚Ç¨ 0,00",,,"‚Ç¨ 0,00",
,,,,,"‚Ç¨ 0,00",,,"‚Ç¨ 0,00",
,,,,,"‚Ç¨ 0,00",,,"‚Ç¨ 0,00",
,,,,,"‚Ç¨ 0,00",,,"‚Ç¨ 0,00",
,,,,,"‚Ç¨ 0,00",,,"‚Ç¨ 0,00",
,,,,,"‚Ç¨ 0,00",,,"‚Ç¨ 0,00",
,,,,,"‚Ç¨ 0,00",,,"‚Ç¨ 0,00",
,,,,,"‚Ç¨ 0,00",,,"‚Ç¨ 0,00",
,,,,,"‚Ç¨ 0,00",,,"‚Ç¨ 0,00",
,,,,,"‚Ç¨ 0,00",,,"‚Ç¨ 0,00",
,,,,,"‚Ç¨ 0,00",,,"‚Ç¨ 0,00",
,,,,,"‚Ç¨ 0,00",,,"‚Ç¨ 0,00",
,,,,,"‚Ç¨ 0,00",,,"‚Ç¨ 0,00",
,,,,,"‚Ç¨ 0,00",,,"‚Ç¨ 0,00",
,,,,,"‚Ç¨ 0,00",,,"‚Ç¨ 0,00",
,,,,,"‚Ç¨ 0,00",,,"‚Ç¨ 0,00",
,,,,,"‚Ç¨ 0,00",,,"‚Ç¨ 0,00",
,,,,,"‚Ç¨ 0,00",,,"‚Ç¨ 0,00",
,,,,,"‚Ç¨ 0,00",,,"‚Ç¨ 0,00",
,,,,,"‚Ç¨ 0,00",,,"‚Ç¨ 0,00",
,,,,,"‚Ç¨ 0,00",,,"‚Ç¨ 0,00",
,,,,,"‚Ç¨ 0,00",,,"‚Ç¨ 0,00",
,,,,,"‚Ç¨ 0,00",,,"‚Ç¨ 0,00",
,,,,,"‚Ç¨ 0,00",,,"‚Ç¨ 0,00",
,,,,,"‚Ç¨ 0,00",,,"‚Ç¨ 0,00",
,,,,,"‚Ç¨ 0,00",,,"‚Ç¨ 0,00",
,,,,,"‚Ç¨ 0,00",,,"‚Ç¨ 0,00",
,,,,,"‚Ç¨ 0,00",,,"‚Ç¨ 0,00",
,,,,,"‚Ç¨ 0,00",,,"‚Ç¨ 0,00",
,,,,,"‚Ç¨ 0,00",,,"‚Ç¨ 0,00",
,,,,,"‚Ç¨ 0,00",,,"‚Ç¨ 0,00",
,,,,,"‚Ç¨ 0,00",,,"‚Ç¨ 0,00",
,,,,,"‚Ç¨ 0,00",,,"‚Ç¨ 0,00",
,,,,,"‚Ç¨ 0,00",,,"‚Ç¨ 0,00",
,,,,,"‚Ç¨ 0,00",,,"‚Ç¨ 0,00",
,,,,,"‚Ç¨ 0,00",,,"‚Ç¨ 0,00",
,,,,,"‚Ç¨ 0,00",,,"‚Ç¨ 0,00",
,,,,,"‚Ç¨ 0,00",,,"‚Ç¨ 0,00",
,,,,,"‚Ç¨ 0,00",,,"‚Ç¨ 0,00",
,,,,,"‚Ç¨ 0,00",,,"‚Ç¨ 0,00",
,,,,,"‚Ç¨ 0,00",,,"‚Ç¨ 0,00",
,,,,,"‚Ç¨ 0,00",,,"‚Ç¨ 0,00",
,,,,,"‚Ç¨ 0,00",,,"‚Ç¨ 0,00",
,,,,,"‚Ç¨ 0,00",,,"‚Ç¨ 0,00",
,,,,,"‚Ç¨ 0,00",,,"‚Ç¨ 0,00",
,,,,,"‚Ç¨ 0,00",,,"‚Ç¨ 0,00",
,,,,,"‚Ç¨ 0,00",,,"‚Ç¨ 0,00",
,,,,,"‚Ç¨ 0,00",,,"‚Ç¨ 0,00",
,,,,,"‚Ç¨ 0,00",,,"‚Ç¨ 0,00",
,,,,,"‚Ç¨ 0,00",,,"‚Ç¨ 0,00",
,,,,,"‚Ç¨ 0,00",,,"‚Ç¨ 0,00",
,,,,,"‚Ç¨ 0,00",,,"‚Ç¨ 0,00",
,,,,,"‚Ç¨ 0,00",,,"‚Ç¨ 0,00",
,,,,,"‚Ç¨ 0,00",,,"‚Ç¨ 0,00",
,,,,,"‚Ç¨ 0,00",,,"‚Ç¨ 0,00",
,,,,,"‚Ç¨ 0,00",,,"‚Ç¨ 0,00",
,,,,,"‚Ç¨ 0,00",,,"‚Ç¨ 0,00",
,,,,,"‚Ç¨ 0,00",,,"‚Ç¨ 0,00",
,,,,,"‚Ç¨ 0,00",,,"‚Ç¨ 0,00",
,,,,,"‚Ç¨ 0,00",,,"‚Ç¨ 0,00",
,,,,,"‚Ç¨ 0,00",,,"‚Ç¨ 0,00",
,,,,,"‚Ç¨ 0,00",,,"‚Ç¨ 0,00",
,,,,,"‚Ç¨ 0,00",,,"‚Ç¨ 0,00",
,,,,,"‚Ç¨ 0,00",,,"‚Ç¨ 0,00",
,,,,,"‚Ç¨ 0,00",,,"‚Ç¨ 0,00",
,,,,,"‚Ç¨ 0,00",,,"‚Ç¨ 0,00",
,,,,,"‚Ç¨ 0,00",,,"‚Ç¨ 0,00",
,,,,,"‚Ç¨ 0,00",,,"‚Ç¨ 0,00",
,,,,,"‚Ç¨ 0,00",,,"‚Ç¨ 0,00",
,,,,,"‚Ç¨ 0,00",,,"‚Ç¨ 0,00",
,,,,,"‚Ç¨ 0,00",,,"‚Ç¨ 0,00",
,,,,,"‚Ç¨ 0,00",,,"‚Ç¨ 0,00",
,,,,,"‚Ç¨ 0,00",,,"‚Ç¨ 0,00",
,,,,,"‚Ç¨ 0,00",,,"‚Ç¨ 0,00",
,,,,,"‚Ç¨ 0,00",,,"‚Ç¨ 0,00",
,,,,,"‚Ç¨ 0,00",,,"‚Ç¨ 0,00",
,,,,,"‚Ç¨ 0,00",,,"‚Ç¨ 0,00",
,,,,,"‚Ç¨ 0,00",,,"‚Ç¨ 0,00",
,,,,,"‚Ç¨ 0,00",,,"‚Ç¨ 0,00",
,,,,,"‚Ç¨ 0,00",,,"‚Ç¨ 0,00",
,,,,,"‚Ç¨ 0,00",,,"‚Ç¨ 0,00",
,,,,,"‚Ç¨ 0,00",,,"‚Ç¨ 0,00",
,,,,,"‚Ç¨ 0,00",,,"‚Ç¨ 0,00",
,,,,,"‚Ç¨ 0,00",,,"‚Ç¨ 0,00",
,,,,,"‚Ç¨ 0,00",,,"‚Ç¨ 0,00",
,,,,,"‚Ç¨ 0,00",,,"‚Ç¨ 0,00",
,,,,,"‚Ç¨ 0,00",,,"‚Ç¨ 0,00",
,,,,,"‚Ç¨ 0,00",,,"‚Ç¨ 0,00",
,,,,,"‚Ç¨ 0,00",,,"‚Ç¨ 0,00",
,,,,,"‚Ç¨ 0,00",,,"‚Ç¨ 0,00",
,,,,,"‚Ç¨ 0,00",,,"‚Ç¨ 0,00",
,,,,,"‚Ç¨ 0,00",,,"‚Ç¨ 0,00",
,,,,,"‚Ç¨ 0,00",,,"‚Ç¨ 0,00",
,,,,,"‚Ç¨ 0,00",,,"‚Ç¨ 0,00",
,,,,,"‚Ç¨ 0,00",,,"‚Ç¨ 0,00",
,,,,,"‚Ç¨ 0,00",,,"‚Ç¨ 0,00",
,,,,,"‚Ç¨ 0,00",,,"‚Ç¨ 0,00",
,,,,,"‚Ç¨ 0,00",,,"‚Ç¨ 0,00",
,,,,,"‚Ç¨ 0,00",,,"‚Ç¨ 0,00",
,,,,,"‚Ç¨ 0,00",,,"‚Ç¨ 0,00",
,,,,,"‚Ç¨ 0,00",,,"‚Ç¨ 0,00",
,,,,,"‚Ç¨ 0,00",,,"‚Ç¨ 0,00",
,,,,,"‚Ç¨ 0,00",,,"‚Ç¨ 0,00",
,,,,,"‚Ç¨ 0,00",,,"‚Ç¨ 0,00",
,,,,,"‚Ç¨ 0,00",,,"‚Ç¨ 0,00",
,,,,,"‚Ç¨ 0,00",,,"‚Ç¨ 0,00",
,,,,,"‚Ç¨ 0,00",,,"‚Ç¨ 0,00",
,,,,,"‚Ç¨ 0,00",,,"‚Ç¨ 0,00",
,,,,,"‚Ç¨ 0,00",,,"‚Ç¨ 0,00",
,,,,,"‚Ç¨ 0,00",,,"‚Ç¨ 0,00",
,,,,,"‚Ç¨ 0,00",,,"‚Ç¨ 0,00",
,,,,,"‚Ç¨ 0,00",,,"‚Ç¨ 0,00",
,,,,,"‚Ç¨ 0,00",,,"‚Ç¨ 0,00",
,,,,,"‚Ç¨ 0,00",,,"‚Ç¨ 0,00",
,,,,,"‚Ç¨ 0,00",,,"‚Ç¨ 0,00",
,,,,,"‚Ç¨ 0,00",,,"‚Ç¨ 0,00",
,,,,,"‚Ç¨ 0,00",,,"‚Ç¨ 0,00",
,,,,,"‚Ç¨ 0,00",,,"‚Ç¨ 0,00",
,,,,,"‚Ç¨ 0,00",,,"‚Ç¨ 0,00",
,,,,,"‚Ç¨ 0,00",,,"‚Ç¨ 0,00",
,,,,,"‚Ç¨ 0,00",,,"‚Ç¨ 0,00",
,,,,,"‚Ç¨ 0,00",,,"‚Ç¨ 0,00",
,,,,,"‚Ç¨ 0,00",,,"‚Ç¨ 0,00",
,,,,,"‚Ç¨ 0,00",,,"‚Ç¨ 0,00",
,,,,,"‚Ç¨ 0,00",,,"‚Ç¨ 0,00",
,,,,,"‚Ç¨ 0,00",,,"‚Ç¨ 0,00",
,,,,,"‚Ç¨ 0,00",,,"‚Ç¨ 0,00",
,,,,,"‚Ç¨ 0,00",,,"‚Ç¨ 0,00",
,,,,,"‚Ç¨ 0,00",,,"‚Ç¨ 0,00",
,,,,,"‚Ç¨ 0,00",,,"‚Ç¨ 0,00",
,,,,,"‚Ç¨ 0,00",,,"‚Ç¨ 0,00",
,,,,,"‚Ç¨ 0,00",,,"‚Ç¨ 0,00",
,,,,,"‚Ç¨ 0,00",,,"‚Ç¨ 0,00",
,,,,,"‚Ç¨ 0,00",,,"‚Ç¨ 0,00",
,,,,,"‚Ç¨ 0,00",,,"‚Ç¨ 0,00",
,,,,,"‚Ç¨ 0,00",,,"‚Ç¨ 0,00",
,,,,,"‚Ç¨ 0,00",,,"‚Ç¨ 0,00",
,,,,,"‚Ç¨ 0,00",,,"‚Ç¨ 0,00",
,,,,,"‚Ç¨ 0,00",,,"‚Ç¨ 0,00",
,,,,,"‚Ç¨ 0,00",,,"‚Ç¨ 0,00",
,,,,,"‚Ç¨ 0,00",,,"‚Ç¨ 0,00",
,,,,,"‚Ç¨ 0,00",,,"‚Ç¨ 0,00",
,,,,,"‚Ç¨ 0,00",,,"‚Ç¨ 0,00",
,,,,,"‚Ç¨ 0,00",,,"‚Ç¨ 0,00",
,,,,,"‚Ç¨ 0,00",,,"‚Ç¨ 0,00",
,,,,,"‚Ç¨ 0,00",,,"‚Ç¨ 0,00",
,,,,,"‚Ç¨ 0,00",,,"‚Ç¨ 0,00",
,,,,,"‚Ç¨ 0,00",,,"‚Ç¨ 0,00",
,,,,,"‚Ç¨ 0,00",,,"‚Ç¨ 0,00",
,,,,,"‚Ç¨ 0,00",,,"‚Ç¨ 0,00",
,,,,,"‚Ç¨ 0,00",,,"‚Ç¨ 0,00",
,,,,,"‚Ç¨ 0,00",,,"‚Ç¨ 0,00",
,,,,,"‚Ç¨ 0,00",,,"‚Ç¨ 0,00",
,,,,,"‚Ç¨ 0,00",,,"‚Ç¨ 0,00",
,,,,,"‚Ç¨ 0,00",,,"‚Ç¨ 0,00",
,,,,,"‚Ç¨ 0,00",,,"‚Ç¨ 0,00",
,,,,,"‚Ç¨ 0,00",,,"‚Ç¨ 0,00",
,,,,,"‚Ç¨ 0,00",,,"‚Ç¨ 0,00",
,,,,,"‚Ç¨ 0,00",,,"‚Ç¨ 0,00",
,,,,,"‚Ç¨ 0,00",,,"‚Ç¨ 0,00",